Id. de actividad,Fecha de la actividad,Nombre de la actividad,Tipo de actividad,Descripci√≥n de la actividad,Tiempo transcurrido,Distancia,Ritmo card√≠aco m√°x.,Esfuerzo relativo,Viaje al trabajo,Nota privada de actividad,Equipamiento de la actividad,Nombre de archivo,Peso del atleta,Peso de la bicicleta,Tiempo transcurrido,Tiempo en movimiento,Distancia,Velocidad m√°xima,Velocidad promedio,Desnivel positivo,Desnivel negativo,Desnivel bajo,Desnivel alto,Grado m√°ximo,Pendiente promedio,Grado positivo promedio,Grado negativo promedio,Cadencia m√°x.,Cadencia promedio,Ritmo card√≠aco m√°x.,Ritmo card√≠aco promedio,M√°x. de vatios,Vatios promedio,Calor√≠as,Temperatura m√°x.,Temperatura promedio,Esfuerzo relativo,Esfuerzo total,Cantidad de carreras,Tiempo de ascenso,Tiempo de descenso,Otro tiempo,Esfuerzo Percibido,Tipo,Hora de inicio,Potencia promedio ponderada,Conteo de potencia,Usar Esfuerzo Percibido,Esfuerzo relativo percibido,Viaje al trabajo,Peso total levantado,De carga,Distancia ajustada en pendientes,Tiempo de observaci√≥n del clima,Condici√≥n clim√°tica,Temperatura,Sensaci√≥n t√©rmica,Punto de roc√≠o,Humedad,Presi√≥n atmosf√©rica,Velocidad del viento,R√°faga de viento,Direcci√≥n del viento,Intensidad de la precipitaci√≥n,Hora de salida del sol,Hora de puesta del sol,Fase lunar,Bicicleta,Equipamiento,Probabilidad de precipitaci√≥n,Tipo de precipitaci√≥n,Nubosidad,Visibilidad,√çndice UV,Estado del ozono,Recuento de saltos,Complejidad total,Fluidez promedio,Marcado,Velocidad promedio durante el tiempo transcurrido,Distancia sobre tierra,Distancia reci√©n recorrida,Distancia reci√©n recorrida en caminos sin asfaltar,N√∫mero de actividades,Pasos en total,Emisi√≥n de carbono evitada,Largo de la piscina,Carga de entrenamiento,Intensidad,Ritmo ajustado en pendientes promedio,Tiempo del cron√≥metro,Ciclos en total,Recuperaci√≥n,Con mascota,Competencia,Carrera larga,Por una causa,Con ni√±o,Distancia de descenso,Multimedia
7828718067,"18 sept 2022, 2:00:41‚ÄØp.m.",Caminata de ma√±ana,Caminata,"",3428,2.86,,,false,Pensamiento negativo: que estar√° pensando la gente o que podr√°n pensar ,,activities/7828718067.gpx,,,3428.0,1997.0,2863.7,2.534,1.434,92.2,91.8,1121.3,1146.7,16.5,0.0,,,,,,,,,,,,,,,,,,,,,,,0.0,,0.0,,1.0,,,,,,,,,,,,,,,,,,,,,,,,,,,0.0,0.835,2863.7,,,,,,,,,,,,0.0,,,,,,,""
7849318426,"22 sept 2022, 1:11:18‚ÄØp.m.",CaCo,Caminata,"",1606,0,,,false,,,activities/7849318426.gpx,,,1606.0,1606.0,0.0,0.0,0.0,0.0,0.0,,,0.0,0.0,,,,,,,,,,,,,,,,,,,,,,,0.0,,0.0,,1.0,,,,,,,,,,,,,,,,,,,,,,,,,,,0.0,0.0,0.0,,,,,,,,,,,,0.0,,,,,,,""
7860397446,"24 sept 2022, 3:37:58‚ÄØp.m.",CaCo,Caminata,"",2643,4.03,,,false,,,activities/7860397446.gpx,,,2643.0,2643.0,4036.8,3.252,1.527,55.9,51.3,1219.0,1239.6,24.9,0.1,,,,,,,,,,,,,,,,,,,,,,,0.0,,0.0,,1.0,,,,,,,,,,,,,,,,,,,,,,,,,,,0.0,1.527,0.0,,,,,,,,,,,,0.0,,,,,,,""
7877461680,"27 sept 2022, 11:11:17‚ÄØp.m.",Caminata,Caminata,"",1849,2.51,,,false,,,activities/7877461680.gpx,,,1849.0,1849.0,2513.7,2.709,1.359,12.3,13.1,1078.4,1092.3,26.5,0.0,,,,,,,,,,,,,,,,,,,,,,,0.0,,0.0,,1.0,,,,,,,,,,,,,,,,,,,,,,,,,,,0.0,1.359,0.0,,,,,,,,,,,,0.0,,,,,,,""
7900042620,"2 oct 2022, 12:37:22‚ÄØp.m.",CaCo,Caminata,"",3404,5.24,,,false,,,activities/7900042620.gpx,,,3404.0,3307.0,5245.9,3.956,1.586,6.3,7.5,845.5,851.0,14.8,0.0,,,,,,,,,,,,,,,,,,,,,,,0.0,,0.0,,1.0,,,,,,,,,,,,,,,,,,,,,,,,,,,0.0,1.541,0.0,,,,,,,,,,,,0.0,,,,,,,""
7913345103,"5 oct 2022, 2:15:25‚ÄØa.m.",CaCo de noche,Caminata,"",2503,3.00,,,false,,,activities/7913345103.gpx,,,2503.0,2210.0,3004.6,3.262,1.36,46.8,47.9,1115.6,1126.9,15.4,0.0,,,,,,,,,,,,,,,,,,,,,,,0.0,,0.0,,1.0,,,,,,,,,,,,,,,,,,,,,,,,,,,0.0,1.2,3004.6,,,,,,,,,,,,0.0,,,,,,,""
7920183406,"6 oct 2022, 11:35:37‚ÄØa.m.",CaCo,Carrera,"",3540,2.38,,,false,,,activities/7920183406.gpx,,,3540.0,1308.0,2379.2,3.98,1.819,94.3,86.0,1045.5,1061.4,42.1,0.2,,,,,,,,,,,,,,,,,,,,,,,0.0,,0.0,,1.0,2940.2,,,,,,,,,,,,,,,,,,,,,,,,,,0.0,0.672,0.0,,,,,,,,,,,,0.0,,,,,,,""
7973778108,"16 oct 2022, 4:36:00‚ÄØp.m.",CaCo,Caminata,"",2593,4.52,,,false,,,activities/7973778108.gpx,,,2593.0,2593.0,4529.0,3.112,1.747,0.0,0.0,1060.1,1062.1,3.0,0.0,,,,,,,,,,,,,,,,,,,,,,,0.0,,0.0,,1.0,,,,,,,,,,,,,,,,,,,,,,,,,,,0.0,1.747,0.0,,,,,,,,,,,,0.0,,,,,,,""
8008174861,"23 oct 2022, 2:44:44‚ÄØp.m.",CaCo,Caminata,"",3073,5.08,,,false,,,activities/8008174861.gpx,,,3073.0,2998.0,5083.6,3.558,1.696,0.0,0.0,1060.1,1062.1,3.0,0.0,,,,,,,,,,,,,,,,,,,,,,,0.0,,0.0,,1.0,,,,,,,,,,,,,,,,,,,,,,,,,,,0.0,1.654,0.0,,,,,,,,,,,,0.0,,,,,,,""
8027050542,"27 oct 2022, 12:10:29‚ÄØp.m.",Caco,Caminata,"",3347,5.94,,,false,,,activities/8027050542.gpx,,,3347.0,3325.0,5939.5,4.17,1.786,0.0,0.0,1060.1,1062.1,3.2,0.0,,,,,,,,,,,,,,,,,,,,,,,0.0,,0.0,,1.0,,,,,,,,,,,,,,,,,,,,,,,,,,,0.0,1.775,0.0,,,,,,,,,,,,0.0,,,,,,,""
8055454880,"2 nov 2022, 12:04:58‚ÄØa.m.",CaCo,Caminata,"",2578,4.18,,,false,,,activities/8055454880.gpx,,,2578.0,2519.0,4180.8,3.674,1.66,0.0,0.0,1020.7,1022.6,8.9,0.0,,,,,,,,,,,,,,,,,,,,,,,0.0,,0.0,,1.0,,,,,,,,,,,,,,,,,,,,,,,,,,,0.0,1.622,0.0,,,,,,,,,,,,0.0,,,,,,,""
8094862254,"10 nov 2022, 12:49:31‚ÄØa.m.",Caminata de noche,Caminata,"",2517,3.37,,,false,,,activities/8094862254.gpx,,,2517.0,2081.0,3369.5,6.678,1.619,0.0,3.5,1019.1,1022.6,6.1,-0.1,,,,,,,,,,,,,,,,,,,,,,,0.0,,0.0,,1.0,,,,,,,,,,,,,,,,,,,,,,,,,,,0.0,1.339,0.0,,,,,,,,,,,,0.0,,,,,,,""
8151021423,"22 nov 2022, 12:07:06‚ÄØa.m.",Caminata de noche,Caminata,"",2544,4.15,,,false,,,activities/8151021423.gpx,,,2544.0,2436.0,4149.1,3.632,1.703,0.0,0.0,1021.1,1022.6,1.5,0.0,,,,,,,,,,,,,,,,,,,,,,,0.0,,0.0,,1.0,,,,,,,,,,,,,,,,,,,,,,,,,,,0.0,1.631,0.0,,,,,,,,,,,,0.0,,,,,,,""
8185838689,"29 nov 2022, 6:32:53‚ÄØp.m.",Caminata a la hora del almuerzo,Caminata,,1290,1.51,,,false,,,activities/8185838689.gpx,,,1290.0,1176.0,1511.3,3.706,1.285,64.9,63.1,1106.4,1130.2,49.9,0.1,,,,,,,,,,,,,,,,,,,,,,,,,0.0,,1.0,,,,,,,,,,,,,,,,,,,,,,,,,,,0.0,1.172,0.0,,,,,,,,,,,,,,,,,,,""
8300091433,"27 dic 2022, 11:02:32‚ÄØp.m.",Carrera por la tarde,Carrera,"",2429,3.31,,,false,,,activities/8300091433.gpx,,,2429.0,2423.0,3315.7,2.856,1.368,0.0,0.0,1060.1,1062.1,3.2,0.0,,,,,,,,,,,,,,,,,,,,,,,0.0,,0.0,,1.0,3332.1,,,,,,,,,,,,,,,,,,,,,,,,,,0.0,1.365,0.0,,,,,,,,,,,,0.0,,,,,,,""
8633543851,"27 feb 2023, 11:24:06‚ÄØp.m.",Caminata,Carrera,"",2540,3.37,,,false,,,activities/9268021034.fit.gz,,,2540.0,2472.0,3375.6,7.752,1.366,2.0,2.0,1059.2,1061.6,8.6,0.0,,,57.0,54.0,,,,,172.0,,,,,,,,,,,,,,0.0,,0.0,,1.0,3409.7,,,,,,,,,,,,,,,,,,,,,,,,,,0.0,1.329,0.0,,,,,,,,,,,,,,,,,,,""
8644170076,"1 mar 2023, 8:53:13‚ÄØp.m.",Entrenamiento por la tarde,Entrenamiento,,47,0,,,false,,,activities/9279139629.fit.gz,,,47.0,47.0,0.0,0.0,0.0,0.0,,,,0.0,0.0,,,,,,,,,,,,,,,,,,,,,,,,,0.0,,1.0,,,,,,,,,,,,,,,,,,,,,,,,,,,0.0,0.0,0.0,,,,,,,,,,,,,,,,,,,""
8650399712,"3 mar 2023, 12:07:58‚ÄØa.m.",Carrera vespertina,Carrera,"",1750,2.68,,,false,,,activities/9285643712.fit.gz,,,1750.0,1659.0,2684.6,2.998,1.618,25.0,0.0,1038.4,1039.8,12.7,0.0,,,81.0,59.0,,,,,185.0,,,,,,,,,,,,,,0.0,,0.0,,1.0,2692.8,,,,,,,,,,,,,,,,,,,,,,,,,,0.0,1.534,0.0,,,,,,,,,,,,0.0,,,,,,,""
8659508840,"4 mar 2023, 4:41:09‚ÄØp.m.",Carrera por la ma√±ana,Carrera,"",1254,1.88,,,false,,,activities/9295386406.fit.gz,,,1254.0,1120.0,1888.9,3.181,1.687,0.0,0.0,1059.0,1061.8,19.5,0.0,,,116.0,60.0,,,,,179.0,,,,,,,,,,,,,,0.0,,0.0,,1.0,1906.7,,,,,,,,,,,,,,,,,,,,,,,,,,0.0,1.506,0.0,,,,,,,,,,,,0.0,,,,,,,""
8704041030,"12 mar 2023, 5:16:32‚ÄØp.m.",Carrera a la hora del almuerzo,Carrera,"",1957,3.16,,,false,,,activities/9342442318.fit.gz,,,1957.0,1934.0,3165.3,2.811,1.637,0.0,0.0,1059.8,1062.6,5.1,0.0,,,84.0,61.0,,,,,284.0,,,,,,,,,,,,,,0.0,,0.0,,1.0,3174.9,,,,,,,,,,,,,,,,,,,,,,,,,,0.0,1.617,0.0,,,,,,,,,,,,0.0,,,,,,,""
8727205318,"16 mar 2023, 5:20:41‚ÄØp.m.",Carrera a la hora del almuerzo,Carrera,"",1984,3.19,,,false,,,activities/9366954260.fit.gz,,,1984.0,1977.0,3194.5,2.688,1.616,18.0,17.0,1059.8,1065.0,12.9,0.0,,,87.0,63.0,,,,,286.0,,,,,,,,,,,,,,0.0,,0.0,,1.0,3253.9,,,,,,,,,,,,,,,,,,,,,,,,,,0.0,1.61,0.0,,,,,,,,,,,,0.0,,,,,,,""
8736457446,"18 mar 2023, 4:33:35‚ÄØp.m.",Carrera por la ma√±ana,Carrera,"",1712,2.82,,,false,,,activities/9376735051.fit.gz,,,1712.0,1701.0,2822.7,2.585,1.659,2.0,2.0,1059.0,1062.6,8.2,0.0,,,86.0,64.0,,,,,236.0,,,,,,,,,,,,,,0.0,,0.0,,1.0,2852.8,,,,,,,,,,,,,,,,,,,,,,,,,,0.0,1.649,0.0,,,,,,,,,,,,0.0,,,,,,,""
8775077436,"25 mar 2023, 2:54:21‚ÄØp.m.",Carrera por la ma√±ana,Carrera,,3,0,,,false,,,activities/9417344644.fit.gz,,,3.0,3.0,0.0,0.0,0.0,0.0,0.0,1068.0,1068.0,0.0,0.0,,,,,,,,,,,,,,,,,,,,,,,,,0.0,,1.0,,,,,,,,,,,,,,,,,,,,,,,,,,,0.0,0.0,0.0,,,,,,,,,,,,,,,,,,,""
8775298151,"25 mar 2023, 2:55:18‚ÄØp.m.",Carrera por la ma√±ana,Carrera,"",1785,2.85,,,false,,,activities/9417584869.fit.gz,,,1785.0,1737.0,2849.4,2.488,1.64,0.0,2.0,1064.0,1068.2,20.0,-0.1,,,124.0,65.0,,,,,231.0,,,,,,,,,,,,,,0.0,,0.0,,1.0,2872.0,,,,,,,,,,,,,,,,,,,,,,,,,,0.0,1.596,0.0,,,,,,,,,,,,0.0,,,,,,,""
8808604919,"31 mar 2023, 2:53:27‚ÄØp.m.",Carrera por la ma√±ana,Carrera,"",2573,4.01,,,false,,,activities/9452692852.fit.gz,,,2573.0,2553.0,4013.2,2.48,1.572,0.0,0.0,1066.8,1068.8,7.2,0.0,,,88.0,65.0,,,,,380.0,,,,,,,,,,,,,,0.0,,0.0,,1.0,4026.5,,,,,,,,,,,,,,,,,,,,,,,,,,0.0,1.56,0.0,,,,,,,,,,,,0.0,,,,,,,""
8875177391,"12 abr 2023, 12:31:33‚ÄØa.m.",Carrera vespertina,Carrera,"",404,0.58,,,false,,,activities/9523402735.fit.gz,,,404.0,399.0,585.8,1.795,1.468,0.0,0.0,1018.6,1019.2,1.6,0.0,,,61.0,55.0,,,,,26.0,,,,,,,,,,,,,,0.0,,0.0,,1.0,586.4,,,,,,,,,,,,,,,,,,,,,,,,,,0.0,1.45,0.0,,,,,,,,,,,,0.0,,,,,,,""
8875178169,"12 abr 2023, 12:39:09‚ÄØa.m.",Carrera vespertina,Carrera,"",1327,2.01,,,false,,,activities/9523403496.fit.gz,,,1327.0,1308.0,2009.9,2.516,1.537,0.0,0.0,1033.8,1036.0,6.8,0.0,,,84.0,61.0,,,,,123.0,,,,,,,,,,,,,,0.0,,0.0,,1.0,2018.3,,,,,,,,,,,,,,,,,,,,,,,,,,0.0,1.515,0.0,,,,,,,,,,,,0.0,,,,,,,""
8891617225,"14 abr 2023, 11:02:39‚ÄØp.m.",Carrera por la tarde,Carrera,"",2107,3.30,,,false,,,activities/9540854552.fit.gz,,,2107.0,2021.0,3308.7,2.746,1.637,44.0,47.0,1097.8,1125.4,14.3,0.0,,,85.0,66.0,,,,,321.0,,,,,,,,,,,,,,0.0,,0.0,,1.0,3423.0,,,,,,,,,,,,,,,,,,,,,,,,,,0.0,1.57,0.0,,,,,,,,,,,,0.0,,,,,,,""
8902196981,"16 abr 2023, 3:03:35‚ÄØp.m.",Carrera por la ma√±ana,Carrera,"",2071,3.31,,,false,,,activities/9552125668.fit.gz,,,2071.0,2068.0,3312.0,7.402,1.602,0.0,0.0,1061.0,1063.0,8.1,0.0,,,85.0,64.0,,,,,281.0,,,,,,,,,,,,,,0.0,,0.0,,1.0,3325.8,,,,,,,,,,,,,,,,,,,,,,,,,,0.0,1.599,0.0,,,,,,,,,,,,0.0,,,,,,,""
8948172964,"24 abr 2023, 12:16:30‚ÄØp.m.",Carrera por la ma√±ana,Carrera,"",1860,2.46,,,false,,,activities/9601041036.fit.gz,,,1860.0,1725.0,2467.9,2.704,1.431,22.0,24.0,1100.0,1125.6,11.6,0.0,,,81.0,62.0,,,,,212.0,,,,,,,,,,,,,,0.0,,0.0,,1.0,2537.9,,,,,,,,,,,,,,,,,,,,,,,,,,0.0,1.327,0.0,,,,,,,,,,,,0.0,,,,,,,""
8993770560,"1 may 2023, 10:59:09‚ÄØp.m.",Carrera por la tarde,Carrera,"",2113,3.02,,,false,,,activities/9649420394.fit.gz,,,2113.0,2080.0,3025.4,2.252,1.455,0.0,18.0,1067.0,1069.0,6.8,0.0,,,82.0,65.0,,,,,244.0,,,,,,,,,,,,,,0.0,,0.0,,1.0,3046.0,,,,,,,,,,,,,,,,,,,,,,,,,,0.0,1.432,0.0,,,,,,,,,,,,0.0,,,,,,,""
8993770995,"1 may 2023, 11:37:47‚ÄØp.m.",Caminata por la tarde,Caminata,"",969,1.14,,,false,,,activities/9649420857.fit.gz,,,969.0,969.0,1144.4,1.757,1.181,0.0,0.0,1067.6,1069.0,4.7,0.0,,,56.0,54.0,,,,,73.0,,,,,,,,,,,,,,0.0,,0.0,,1.0,,,,,,,,,,,,,,,,,,,,,,,,,,,0.0,1.181,0.0,,,,,,,,,,,,0.0,,,,,,,""
9042780863,"9 may 2023, 11:06:38‚ÄØp.m.",Carrera por la tarde,Carrera,"",1283,2.14,,,false,,,activities/9701377835.fit.gz,,,1283.0,1231.0,2143.5,5.557,1.741,19.0,45.0,1096.6,1126.6,13.4,-1.2,,,84.0,66.0,,,,,172.0,,,,,,,,,,,,,,0.0,,0.0,,1.0,2159.3,,,,,,,,,,,,,,,,,,,,,,,,,,0.0,1.671,0.0,,,,,,,,,,,,0.0,,,,,,,""
9058146411,"12 may 2023, 2:50:05‚ÄØp.m.",Carrera por la ma√±ana,Carrera,"",1569,2.36,,,false,,,activities/9717598341.fit.gz,,,1569.0,1476.0,2361.1,2.48,1.6,30.0,31.0,1098.6,1126.2,14.4,0.0,,,84.0,70.0,,,,,233.0,,,,,,,,,,,,,,0.0,,0.0,,1.0,2439.7,,,,,,,,,,,,,,,,,,,,,,,,,,0.0,1.505,0.0,,,,,,,,,,,,0.0,,,,,,,""
9072587923,"14 may 2023, 6:30:54‚ÄØp.m.",Caminata a la hora del almuerzo,Caminata,,7009,4.44,,,false,,,activities/9732989881.fit.gz,,,7009.0,5338.0,4441.8,8.517,0.832,153.0,165.0,1173.2,1312.4,49.0,-0.2,,,79.0,54.0,,,,,509.0,,,,,,,,,,,,,,,,0.0,,1.0,,,,,,,,,,,,,,,,,,,,,,,,,,,0.0,0.634,0.0,,,,,,,,,,,,,,,,,,,""
9087949610,"17 may 2023, 1:24:11‚ÄØp.m.",Carrera por la ma√±ana,Carrera,"",1940,2.72,,,false,,,activities/9749211709.fit.gz,,,1940.0,1745.0,2727.4,3.27,1.563,11.0,16.0,1109.6,1126.0,12.3,-0.2,,,82.0,68.0,,,,,221.0,,,,,,,,,,,,,,0.0,,0.0,,1.0,2769.3,,,,,,,,,,,,,,,,,,,,,,,,,,0.0,1.406,0.0,,,,,,,,,,,,0.0,,,,,,,""
9106979330,"20 may 2023, 2:24:16‚ÄØp.m.",Carrera por la ma√±ana,Carrera,"",2532,3.63,,,false,,,activities/9769313962.fit.gz,,,2532.0,2388.0,3630.0,6.39,1.52,58.0,57.0,1100.6,1129.2,16.2,0.0,,,83.0,68.0,,,,,345.0,,,,,,,,,,,,,,0.0,,0.0,,1.0,3796.0,,,,,,,,,,,,,,,,,,,,,,,,,,0.0,1.434,0.0,,,,,,,,,,,,0.0,,,,,,,""
9131883639,"24 may 2023, 1:45:47‚ÄØp.m.",Carrera por la ma√±ana,Carrera,,1321,1.99,,,false,,,activities/9796695436.fit.gz,,,1321.0,1232.0,1995.9,2.754,1.62,30.0,29.0,1104.4,1129.4,31.8,0.2,,,84.0,65.0,,,,,171.0,,,,,,,,,,,,,,,,0.0,,1.0,2076.6,,,,,,,,,,,,,,,,,,,,,,,,,,0.0,1.511,0.0,,,,,,,,,,,,,,,,,,,""
9138283407,"25 may 2023, 2:25:25‚ÄØp.m.",Carrera por la ma√±ana,Carrera,,1219,1.75,,,false,,,activities/9804695971.fit.gz,,,1219.0,1208.0,1757.2,2.345,1.455,0.0,0.0,1066.8,1068.8,6.7,0.0,,,82.0,67.0,,,,,147.0,,,,,,,,,,,,,,,,0.0,,1.0,1765.0,,,,,,,,,,,,,,,,,,,,,,,,,,0.0,1.441,0.0,,,,,,,,,,,,,,,,,,,""
9169679459,"30 may 2023, 2:40:46‚ÄØp.m.",Carrera por la ma√±ana,Carrera,,1779,2.38,,,false,,,activities/9838408547.fit.gz,,,1779.0,1457.0,2379.2,6.378,1.633,36.0,34.0,1116.2,1129.4,47.4,0.0,,,122.0,61.0,,,,,213.0,,,,,,,,,,,,,,,,0.0,,1.0,2559.3,,,,,,,,,,,,,,,,,,,,,,,,,,0.0,1.337,0.0,,,,,,,,,,,,,,,,,,,""
9219861993,"7 jun 2023, 12:54:06‚ÄØp.m.",Carrera por la ma√±ana,Carrera,,1535,2.19,,,false,,,activities/9891372223.fit.gz,,,1535.0,1432.0,2191.8,2.837,1.531,32.0,36.0,1098.2,1125.8,14.4,-0.1,,,109.0,72.0,,,,,214.0,,,,,,,,,,,,,,,,0.0,,1.0,2277.6,,,,,,,,,,,,,,,,,,,,,,,,,,0.0,1.428,0.0,,,,,,,,,,,,,,,,,,,""
9239964226,"10 jun 2023, 3:35:13‚ÄØp.m.",Carrera por la ma√±ana,Carrera,,1797,2.76,,,false,,,activities/9912571495.fit.gz,,,1797.0,1649.0,2765.1,6.366,1.677,43.0,45.0,1099.0,1126.2,13.2,0.0,,,87.0,63.0,,,,,229.0,,,,,,,,,,,,,,,,0.0,,1.0,2873.7,,,,,,,,,,,,,,,,,,,,,,,,,,0.0,1.539,0.0,,,,,,,,,,,,,,,,,,,""
9260106581,"13 jun 2023, 7:42:27‚ÄØp.m.",Carrera por la tarde,Carrera,"",1530,2.35,,,false,,,activities/9933879691.fit.gz,,,1530.0,1512.0,2351.4,2.987,1.555,51.0,47.0,1103.4,1129.8,18.1,0.2,,,87.0,63.0,,,,,191.0,,,,,,,,,,,,,,0.0,,0.0,,1.0,2494.9,,,,,,,,,,,,,,,,,,,,,,,,,,0.0,1.537,0.0,,,,,,,,,,,,,,,,,,,""
9277731165,"16 jun 2023, 3:01:43‚ÄØp.m.",Carrera por la ma√±ana,Carrera,,1826,2.92,,,false,,,activities/9952464920.fit.gz,,,1826.0,1785.0,2923.9,3.05,1.638,0.0,2.0,1064.8,1068.6,7.8,-0.1,,,90.0,65.0,,,,,212.0,,,,,,,,,,,,,,,,0.0,,1.0,2928.9,1686927616.0,3.0,24.8,26.3,19.5,0.73,1013.3,1.0,3.3,35.0,0.0,1686914176.0,1686960000.0,0.0,,,0.63,5.0,0.82,26683.7,5.0,,,,,0.0,1.601,0.0,,,,,,,,,,,,,,,,,,,""
9286013938,"18 jun 2023, 12:03:33‚ÄØa.m.",Entrenamiento vespertino,Entrenamiento,,378,0,,,false,,,activities/9961255510.fit.gz,,,378.0,378.0,0.0,0.0,0.0,0.0,,,,0.0,0.0,,,,,,,,,,,,,,,,,,,,,,,,,0.0,,1.0,,,,,,,,,,,,,,,,,,,,,,,,,,,0.0,0.0,0.0,,,,,,,,,,,,,,,,,,,""
9290566661,"18 jun 2023, 4:07:47‚ÄØp.m.",Carrera por la ma√±ana,Carrera,,1385,1.95,,,false,,,activities/9966119295.fit.gz,,,1385.0,1366.0,1956.9,2.053,1.433,31.0,30.0,1045.2,1062.8,23.0,0.0,,,89.0,67.0,,,,,213.0,,,,,,,,,,,,,,,,0.0,,1.0,2070.9,1687104000.0,1.0,25.9,27.1,18.4,0.63,1011.5,1.0,4.5,239.0,0.0,1687086976.0,1687132800.0,0.0,,,0.58,5.0,0.34,27546.0,9.0,,,,,0.0,1.413,0.0,,,,,,,,,,,,,,,,,,,""
9314427544,"22 jun 2023, 3:47:10‚ÄØp.m.",Carrera por la ma√±ana,Carrera,,628,1.03,,,false,,,activities/9991527155.fit.gz,,,628.0,550.0,1038.8,3.093,1.889,21.0,23.0,1102.0,1127.6,7.7,-0.1,,,85.0,74.0,,,,,86.0,,,,,,,,,,,,,,,,0.0,,1.0,1088.4,1687446016.0,3.0,24.1,25.7,19.9,0.78,1012.7,0.9,3.4,224.0,0.2,1687432704.0,1687478528.0,0.125,,,0.92,5.0,0.65,27427.3,5.0,,,,,0.0,1.654,0.0,,,,,,,,,,,,,,,,,,,""
9332037351,"25 jun 2023, 12:02:12‚ÄØp.m.",Carrera por la ma√±ana,Carrera,,2764,5.03,,,false,,,activities/10010165662.fit.gz,,,2764.0,2753.0,5029.2,4.036,1.827,53.0,44.0,966.0,1010.0,10.6,0.0,,,88.0,74.0,,,,,487.0,,,,,,,,,,,,,,,,0.0,,1.0,5086.3,1687694336.0,3.0,19.4,19.5,14.7,0.74,1012.9,2.2,5.0,73.0,0.0,1687691904.0,1687737600.0,0.25,,,0.55,5.0,0.92,19298.8,0.0,,,,,0.0,1.82,0.0,,,,,,,,,,,,,,,,,,,""
9464026101,"16 jul 2023, 3:12:21‚ÄØp.m.",Caminata por la ma√±ana ,Caminata,,6590,4.13,,,false,,,activities/10150022933.fit.gz,,,6590.0,4868.0,4134.8,2.374,0.849,152.0,148.0,2649.0,2749.8,41.6,0.1,,,104.0,52.0,,,,,481.0,,,,,,,,,,,,,,,,0.0,,1.0,,,,,,,,,,,,,,,,,,,,,,,,,,,0.0,0.627,4134.8,,,,,,,,,,,,,,,,,,,""
9494069635,"21 jul 2023, 1:37:24‚ÄØp.m.",Caminata por la ma√±ana ,Caminata,"",2204,3.20,,,false,,,activities/10181693591.fit.gz,,,2204.0,2204.0,3204.9,1.915,1.454,24.0,2.0,1057.6,1061.8,3.4,-0.1,,,63.0,58.0,,,,,276.0,,,,,,,,,,,,,,0.0,,0.0,,1.0,,,,,,,,,,,,,,,,,,,,,,,,,,,0.0,1.454,0.0,,,,,,,,,,,,,,,,,,,media/7b998796-1434-4a8a-825e-46e00d6f0169.jpg
9595043414,"6 ago 2023, 3:42:13‚ÄØp.m.",Caminata por la ma√±ana,Caminata,,1488,2.00,,,false,,,activities/9595043414.gpx,,,1488.0,1438.0,2002.2,2.326,1.392,17.3,16.5,1059.0,1063.0,4.7,0.0,,,74.0,56.0,,,,,,,,,,,,,,,,,,,0.0,,0.0,,1.0,,,,,,,,,,,,,,,,,,,,,,,,,,,0.0,1.346,0.0,,,,2682.0,,,,,,,,,,,,,,,media/066bcc2a-8171-473b-bc79-594cff3b625b.jpg
9881834213,"1 sept 2023, 1:00:06‚ÄØp.m.",Caminata por la ma√±ana,Caminata,"",1722,2.19,,,false,,,activities/10591692416.fit.gz,,,1722.0,1665.0,2194.1,1.69,1.318,31.0,2.0,1064.4,1068.2,4.0,-0.2,,,60.0,55.0,,,,,156.0,,,,,,,,,,,,,,0.0,,0.0,,1.0,,,,,,,,,,,,,,,,,,,,,,,,,,,0.0,1.274,0.0,,,,,,,,,,,,,,,,,,,""
9893609629,"21 sept 2023, 2:11:36‚ÄØp.m.",Caminata por la ma√±ana,Caminata,"",1185,1.75,,,false,,,activities/10603996898.fit.gz,,,1185.0,1167.0,1753.8,2.146,1.503,36.0,2.0,1064.4,1068.6,5.2,-0.2,,,64.0,60.0,,,,,131.0,,,,,,,,,,,,,,0.0,,0.0,,1.0,,,,,,,,,,,,,,,,,,,,,,,,,,,0.0,1.48,0.0,,,,,,,,,,,,,,,,,,,""
9893609963,"21 sept 2023, 4:34:37‚ÄØp.m.",Entrenamiento matutino,Entrenamiento,,309,0,,,false,,,activities/10603997260.fit.gz,,,309.0,309.0,0.0,0.0,0.0,0.0,0.0,0.0,0.0,0.0,0.0,,,,,,,,,,,,,,,,,,,,,,,,,0.0,,1.0,,,,,,,,,,,,,,,,,,,,,,,,,,,0.0,0.0,0.0,,,,,,,,,,,,,,,,,,,""
9906441087,"23 sept 2023, 2:29:49‚ÄØp.m.",Caminata por la ma√±ana,Caminata,"",996,1.53,,,false,,,activities/10617438195.fit.gz,,,996.0,996.0,1536.3,2.044,1.542,0.0,5.0,1059.0,1062.2,6.3,-0.1,,,64.0,60.0,,,,,71.0,,,,,,,,,,,,,,0.0,,0.0,,1.0,,,,,,,,,,,,,,,,,,,,,,,,,,,0.0,1.542,0.0,,,,,,,,,,,,,,,,,,,""
9913376773,"24 sept 2023, 5:21:20‚ÄØp.m.",Yoga a la hora del almuerzo,Yoga,,8,0,,,false,,,activities/10624740100.fit.gz,,,8.0,8.0,0.0,0.0,0.0,0.0,0.0,0.0,0.0,0.0,0.0,,,,,,,,,,,,,,,,,,,,,,,,,0.0,,1.0,,,,,,,,,,,,,,,,,,,,,,,,,,,0.0,0.0,0.0,,,,,,,,,,,,,,,,,,,""
9931487271,"27 sept 2023, 3:58:03‚ÄØp.m.",Caminata por la ma√±ana ,Caminata,,258,0.20,,,false,,,activities/10643785542.fit.gz,,,258.0,161.0,200.6,3.63,1.246,10.0,7.0,1026.8,1034.8,41.4,1.8,,,78.0,66.0,,,,,29.0,,,,,,,,,,,,,,,,0.0,,1.0,,,,,,,,,,,,,,,,,,,,,,,,,,,0.0,0.778,0.0,,,,,,,,,,,,,,,,,,,""
9937320123,"28 sept 2023, 1:50:02‚ÄØp.m.",Caminata por la ma√±ana ,Caminata,,2394,3.21,,,false,,,activities/10649863302.fit.gz,,,2394.0,2394.0,3216.2,1.778,1.343,12.0,8.0,1058.4,1063.2,12.2,-0.1,,,60.0,56.0,,,,,226.0,,,,,,,,,,,,,,,,0.0,,1.0,,,,,,,,,,,,,,,,,,,,,,,,,,,0.0,1.343,0.0,,,,,,,,,,,,,,,,,,,""
10409771660,"20 dic 2023, 1:24:03‚ÄØp.m.",Caminata por la ma√±ana,Caminata,,982,1.40,,,false,,,activities/10409771660.gpx,,,982.0,982.0,1400.0,2.196,1.426,0.0,0.0,1061.1,1062.0,2.3,0.0,,,78.0,56.0,,,,,,,,,,,,,,,,,,,0.0,,0.0,,1.0,,,,,,,,,,,,,,,,,,,,,,,,,,,0.0,1.426,0.0,,,,1834.0,,,,,,,,,,,,,,,""
10431553741,"3 dic 2023, 12:53:35‚ÄØp.m.",Caminata por la ma√±ana ,Caminata,,6240,3.28,,,false,,,activities/11164470668.fit.gz,,,6240.0,3996.0,3282.2,6.26,0.821,267.0,0.0,1553.8,1836.4,49.7,8.5,,,79.0,62.0,,,,,625.0,,,,,,,,,,,,,,,,0.0,,1.0,,,,,,,,,,,,,,,,,,,,,,,,,,,0.0,0.526,0.0,,,,,,,,,,,,,,,,,,,""
10431555643,"3 dic 2023, 2:38:05‚ÄØp.m.",Caminata por la ma√±ana ,Caminata,,9508,8.60,,,false,,,activities/11164472678.fit.gz,,,9508.0,6854.0,8608.9,11.126,1.256,60.0,352.0,1520.6,1834.2,40.7,-3.4,,,122.0,54.0,,,,,827.0,,,,,,,,,,,,,,,,0.0,,1.0,,,,,,,,,,,,,,,,,,,,,,,,,,,0.0,0.905,0.0,,,,,,,,,,,,,,,,,,,""
10431555972,"24 dic 2023, 5:00:32‚ÄØp.m.",Caminata a la hora del almuerzo,Caminata,,4524,0.80,,,false,,,activities/11164473068.fit.gz,,,4524.0,850.0,805.3,4.815,0.947,51.0,30.0,1457.4,1492.2,47.7,2.7,,,79.0,54.0,,,,,318.0,,,,,,,,,,,,,,,,0.0,,1.0,,,,,,,,,,,,,,,,,,,,,,,,,,,0.0,0.178,805.3,,,,,,,,,,,,,,,,,,,""
10444666708,"27 dic 2023, 1:16:26‚ÄØp.m.",Entrenamiento matutino,Entrenamiento,,217,0.12,,,false,,,activities/11178166210.fit.gz,,,217.0,102.0,123.4,3.302,1.209,0.0,0.0,944.6,945.8,12.1,0.3,,,58.0,55.0,,,,,17.0,,,,,,,,,,,,,,,,0.0,,1.0,,,,,,,,,,,,,,,,,,,,,,,,,,,0.0,0.568,0.0,,,,,,,,,,,,,,,,,,,""
10479359845,"2 ene 2024, 1:35:31‚ÄØp.m.",Caminata,Caminata,,1850,2.11,,,false,,,activities/10479359845.gpx,,,1850.0,1630.0,2117.7,3.35,1.299,71.1,71.0,1122.2,1161.8,19.1,0.0,,,74.0,57.0,,,,,,,,,,,,,,,,,,,0.0,,0.0,,1.0,,,,,,,,,,,,,,,,,,,,,,,,,,,0.0,1.145,1521.8,,,,2974.0,,,,,,,,,,,,,,,media/fff5a10d-2861-40ce-b74a-7a67af0ac33d.jpg
10492132996,"4 ene 2024, 12:57:32‚ÄØp.m.",Caminata por la ma√±ana,Caminata,,1596,2.12,,,false,,,activities/10492132996.gpx,,,1596.0,1596.0,2123.3,2.414,1.33,0.0,0.3,1061.1,1062.0,2.4,0.0,,,89.0,57.0,,,,,,,,,,,,,,,,,,,0.0,,0.0,,1.0,,,,,,,,,,,,,,,,,,,,,,,,,,,0.0,1.33,0.0,,,,2982.0,,,,,,,,,,,,,,,""
10588417685,"19 ene 2024, 2:10:47‚ÄØp.m.",Entrenamiento matutino,Entrenamiento,,901,0,,,false,,,activities/11328160618.fit.gz,,,901.0,901.0,0.0,0.0,0.0,0.0,0.0,1123.8,1123.8,0.0,0.0,,,57.0,52.0,,,,,57.0,,,,,,,,,,,,,,,,0.0,,1.0,,,,,,,,,,,,,,,,,,,,,,,,,,,0.0,0.0,0.0,,,,,,,,,,,,,,,,,,,""
10588502476,"19 ene 2024, 2:26:14‚ÄØp.m.",Entrenamiento matutino,Entrenamiento,,371,0,,,false,,,activities/11328247650.fit.gz,,,371.0,371.0,0.0,0.0,0.0,0.0,0.0,1122.6,1124.4,0.0,0.0,,,118.0,62.0,,,,,41.0,,,,,,,,,,,,,,,,0.0,,1.0,,,,,,,,,,,,,,,,,,,,,,,,,,,0.0,0.0,0.0,,,,,,,,,,,,,,,,,,,""
10588705773,"19 ene 2024, 2:42:58‚ÄØp.m.",Entrenamiento matutino,Entrenamiento,,2316,1.16,,,false,,,activities/11328454972.fit.gz,,,2316.0,270.0,1161.0,11.405,4.3,37.0,3.0,1124.0,1159.2,44.1,2.7,,,98.0,84.0,,,,,275.0,,,,,,,,,,,,,,,,0.0,,1.0,,,,,,,,,,,,,,,,,,,,,,,,,,,0.0,0.501,0.0,,,,,,,,,,,,,,,,,,,""
10630791620,"26 ene 2024, 2:33:58‚ÄØa.m.",Entrenamiento vespertino,Entrenamiento,,2025,0,,,false,,,activities/11371672047.fit.gz,,,2025.0,2025.0,0.0,0.0,0.0,0.0,0.0,947.2,949.0,0.0,0.0,,,122.0,68.0,,,,,244.0,,,,,,,,,,,,,,,,0.0,,1.0,,,,,,,,,,,,,,,,,,,,,,,,,,,0.0,0.0,0.0,,,,,,,,,,,,,,,,,,,""
10696671904,"4 feb 2024, 2:35:59‚ÄØp.m.",Senderismo,Caminata,,11295,6.49,,,false,,,activities/10696671904.gpx,,,11295.0,6940.0,6496.6,2.44,0.936,224.6,239.0,1119.7,1177.1,48.6,-0.2,,,98.0,55.0,,,,,,,,,,,,,,,,,,,0.0,,0.0,,1.0,,,,,,,,,,,,,,,,,,,,,,,,,,,0.0,0.575,2004.5,,,,12110.0,,,,,,,,,,,,,,,""
10783242703,"17 feb 2024, 3:24:48‚ÄØp.m.",Caminata por la ma√±ana ,Caminata,,11098,4.74,,,false,,,activities/11529073063.fit.gz,,,11098.0,4106.0,4746.6,8.959,1.156,41.0,23.0,1261.4,1300.4,47.3,0.4,,,81.0,50.0,,,,,564.0,,,,,,,,,,,,,,,,0.0,,1.0,,,,,,,,,,,,,,,,,,,,,,,,,,,0.0,0.428,218.5,,,,,,,,,,,,,,,,,,,""
11837799580,"26 feb 2024, 10:19:05‚ÄØa.m.",Caminata por la ma√±ana ,Caminata,,11343740,5.23,,,false,,,activities/12624928849.fit.gz,,,11343740.0,4627.0,5237.3,13.07,1.132,174.0,271.0,985.6,1247.0,48.2,-1.9,,,115.0,52.0,,,,,651.0,,,,,,,,,,,,,,,,0.0,,1.0,,,,,,,,,,,,,,,,,,,,,,,,,,,0.0,0.0,1510.9,,,,6950.0,,,,,,,,,,,,,,,""
12547714374,"17 ago 2024, 10:42:17‚ÄØa.m.",Caminata por la ma√±ana ,Caminata,,3350,1.74,,,false,,,activities/13378303387.fit.gz,,,3350.0,3350.0,1748.3,1.712,0.522,82.0,90.0,613.6,663.2,42.3,-0.4,,,79.0,53.0,,,,,332.0,,,,,,,,,,,,,,,,0.0,,1.0,,,,,,,,,,,,,,,,,,,,,,,,,,,0.0,0.522,0.0,,,,3368.0,,,,,,,,,,,,,,,""
12547714558,"17 ago 2024, 10:18:11‚ÄØa.m.",Caminata por la ma√±ana ,Caminata,,1430,0.21,,,false,,,activities/13378303542.fit.gz,,,1430.0,1430.0,214.8,1.425,0.15,2.0,5.0,650.8,655.4,11.7,-1.6,,,57.0,53.0,,,,,93.0,,,,,,,,,,,,,,,,0.0,,1.0,,,,,,,,,,,,,,,,,,,,,,,,,,,0.0,0.15,0.0,,,,460.0,,,,,,,,,,,,,,,""
12573844337,"4 oct 2024, 1:29:09‚ÄØp.m.",Caminata por la ma√±ana ,Caminata,,278,0.47,,,false,,,activities/13406230453.fit.gz,,,278.0,207.0,477.0,9.67,2.305,79.0,2.0,1031.8,1114.8,49.1,16.1,,,,0.0,,,,,28.0,,,,,,,,,,,,,,,,0.0,,1.0,,,,,,,,,,,,,,,,,,,,,,,,,,,0.0,1.716,0.0,,,,28.0,,,,,,,,,,,,,,,""
14376902219,"4 may 2025, 2:09:18‚ÄØp.m.",Caminata por la ma√±ana,Caminata,"",5489,5.74,,,false,,,activities/15340186911.fit.gz,,,5489.0,4628.0,5739.7,5.5,1.24,39.0,76.0,653.0,689.8,31.0,-0.6,,,80.0,52.0,,,,,369.0,,,,,,,,,,,,,,0.0,,0.0,,1.0,,,,,,,,,,,,,,,,,,,,,,,,,,,0.0,1.046,0.0,,,,2956.0,,,,,,,,,,,,,,,""
14383519592,"4 may 2025, 6:27:16‚ÄØp.m.",Caminata a la hora del almuerzo,Caminata,,2175,2.29,,,false,,,activities/15347185964.fit.gz,,,2175.0,2083.0,2297.8,7.98,1.103,71.0,28.0,672.8,753.0,24.3,3.3,,,91.0,52.0,,,,,242.0,,,,,,,,,,,,,,,,0.0,,1.0,,,,,,,,,,,,,,,,,,,,,,,,,,,0.0,1.056,0.0,,,,2492.0,,,,,,,,,,,,,,,""
14384407869,"5 may 2025, 11:55:11‚ÄØa.m.",Caminata,Carrera,"",1905,2.90,,,false,,,activities/15348122541.fit.gz,,,1905.0,1876.0,2902.5,2.775,1.547,25.0,31.0,1100.4,1107.2,15.6,-0.2,,,85.0,70.0,,,,,287.0,,,,,,,,,,,,,,0.0,,0.0,,1.0,2981.3,,,,,,,,,,,,,,,,,,,,,,,,,,0.0,1.524,747.9,,,,4350.0,,,,,1.589,,,,,,,,,,""
14395321097,"6 may 2025, 1:12:23‚ÄØp.m.",Nado,Nataci√≥n,"",2851,550,,,false,,,activities/15359591780.fit.gz,,,2851.0,2249.0,550.0,1.32,0.245,0.0,0.0,0.0,0.0,0.0,0.0,,,,18.0,,,,,108.0,,,,,,,,,,,,,,0.0,,0.0,,1.0,,,,,,,,,,,,,,,,,,,,,,,,,,,0.0,0.193,0.0,,,,,,25.0,,,,,,,,,,,,,""
14415765331,"8 may 2025, 12:58:28‚ÄØp.m.",Caminata por la ma√±ana,Carrera,"",2408,3.42,,,false,,,activities/15380987399.fit.gz,,,2408.0,2307.0,3425.1,2.686,1.485,2.0,9.0,1015.0,1022.2,11.3,-0.2,,,84.0,69.0,,,,,344.0,,,,,,,,,,,,,,0.0,,0.0,,1.0,3433.6,,,,,,,,,,,,,,,,,,,,,,,,,,0.0,1.422,0.0,,,,5488.0,,,,,1.488,,,,,,,,,,""
14435502776,"10 may 2025, 12:21:38‚ÄØp.m.",Caco,Carrera,"",3006,4.01,,,false,,,activities/15401826369.fit.gz,,,3006.0,2951.0,4018.6,2.2,1.362,92.0,89.0,1080.8,1133.0,13.7,0.1,,,120.0,68.0,,,,,435.0,,,,,,,,,,,,,,0.0,,0.0,,1.0,4288.7,,,,,,,,,,,,,,,,,,,,,,,,,,0.0,1.337,3269.2,,,,6714.0,,,,,1.453,,,0.0,,,,,,,""
14447847073,"11 may 2025, 12:50:11‚ÄØp.m.",Caminata por la ma√±ana,Caminata,"",8454,6.75,,,false,,,activities/15414881616.fit.gz,,,8454.0,6869.0,6753.2,6.283,0.983,271.0,290.0,799.8,1055.8,41.5,-0.3,,,122.0,54.0,,,,,810.0,,,,,,,,,,,,,,0.0,,0.0,,1.0,,,,,,,,,,,,,,,,,,,,,,,,,,,0.0,0.799,6753.2,,,,11618.0,,,,,,,,,,,,,,,media/476413f9-ccce-4eb0-ba50-81014fdd9072.jpg
14456372013,"12 may 2025, 1:09:53‚ÄØp.m.",Nado por la ma√±ana,Nataci√≥n,"",2861,650,,,false,,,activities/15423990559.fit.gz,,,2861.0,2344.0,650.0,1.8,0.277,0.0,0.0,0.0,0.0,0.0,0.0,,,,23.0,,,,,116.0,,,,,,,,,,,,,,0.0,,0.0,,1.0,,,,,,,,,,,,,,,,,,,,,,,,,,,0.0,0.227,0.0,,,,,,25.0,,,,,,,,,,,,,media/32df5128-3be2-48c8-9689-3add1d3b19c3.jpg
14498359678,"16 may 2025, 12:14:16‚ÄØp.m.",CaCo,Carrera,"",2746,4.04,,,false,,,activities/15468540780.fit.gz,,,2746.0,2746.0,4043.4,2.072,1.472,0.0,0.0,0.0,0.0,0.0,0.0,,,85.0,66.0,,,,,329.0,,,,,,,,,,,,,,0.0,,0.0,,1.0,4043.4,,,,,,,,,,,,,,,,,,,,,,,,,,0.0,1.472,0.0,,,,6006.0,,,,,,,,0.0,,,,,,,""
14519945603,"18 may 2025, 1:26:37‚ÄØp.m.",CaCo,Carrera,"",3351,4.30,,,false,,,activities/15492656904.fit.gz,,,3351.0,2731.0,4305.7,3.3,1.577,127.0,120.0,922.2,1000.0,49.1,0.1,,,124.0,64.0,,,,,489.0,,,,,,,,,,,,,,0.0,,0.0,,1.0,4759.1,,,,,,,,,,,,,,,,,,,,,,,,,,0.0,1.285,2022.8,,,,6168.0,,,,,1.743,,,0.0,,,,,,,media/8eeded64-6a0d-4e42-bda3-3cfde80e91ac.jpg
14539739064,"20 may 2025, 1:18:20‚ÄØp.m.",Nado por la ma√±ana,Nataci√≥n,"",2283,425,,,false,,,activities/15514458437.fit.gz,,,2283.0,2270.0,425.0,1.48,0.187,0.0,0.0,0.0,0.0,0.0,0.0,,,,22.0,,,,,77.0,,,,,,,,,,,,,,0.0,,0.0,,1.0,,,,,,,,,,,,,,,,,,,,,,,,,,,0.0,0.186,0.0,,,,,,25.0,,,,,,,,,,,,,""
14550967873,"21 may 2025, 1:43:39‚ÄØp.m.",Caco por la ma√±ana,Carrera,"",2452,3.75,,,false,,,activities/15526459644.fit.gz,,,2452.0,2422.0,3752.9,3.3,1.55,0.0,0.0,1017.8,1020.4,4.8,0.0,,,82.0,73.0,,,,,375.0,,,,,,,,,,,,,,0.0,,0.0,,1.0,3768.8,,,,,,,,,,,,,,,,,,,,,,,,,,0.0,1.531,0.0,,,,5964.0,,,,,1.556,,,0.0,,,,,,,""
14570934613,"23 may 2025, 1:41:24‚ÄØp.m.",CaCo,Carrera,"",3021,4.32,,,false,,,activities/15547908513.fit.gz,,,3021.0,3018.0,4321.2,2.283,1.432,0.0,0.0,1060.4,1063.0,8.1,0.0,,,83.0,75.0,,,,,487.0,,,,,,,,,,,,,,0.0,,0.0,,1.0,4343.8,,,,,,,,,,,,,,,,,,,,,,,,,,0.0,1.43,0.0,,,,7500.0,,,,,1.439,,,0.0,,,,,,,""
14582040144,"24 may 2025, 3:53:55‚ÄØp.m.",Caminata por la ma√±ana,Caminata,"",2368,2.34,,,false,,,activities/15559866228.fit.gz,,,2368.0,2324.0,2341.9,2.44,1.008,96.0,112.0,1022.2,1121.2,26.3,0.0,,,124.0,54.0,,,,,269.0,,,,,,,,,,,,,,0.0,,0.0,,1.0,,1748098816.0,3.0,24.7,25.6,20.8,0.79,1012.5,1.0,4.9,74.0,0.1,1748085376.0,1748130816.0,0.875,,,0.67,5.0,1.0,22868.0,5.0,,,,,0.0,0.989,0.0,,,,4014.0,,,,,,,,0.0,,,,,,,media/4dc38331-29dd-4b05-a9c2-5ba738e58632.jpg
14591642081,"25 may 2025, 1:43:15‚ÄØp.m.",Carrera por la ma√±ana,Carrera,M√°s caminata que carrera en el Chayotito üê¢ ,4377,6.20,,,false,,,activities/15570221378.fit.gz,,,4377.0,4131.0,6199.8,4.16,1.501,299.0,341.0,1633.0,1901.2,46.7,-0.7,,,124.0,63.0,,,,,603.0,,,,,,,,,,,,,,0.0,,0.0,,1.0,7561.4,1748178048.0,3.0,17.8,17.6,15.8,0.88,1014.8,1.7,5.3,35.0,0.1,1748171648.0,1748217216.0,0.875,,,0.58,5.0,1.0,21989.0,1.0,,,,,0.0,1.416,5020.8,,,,8582.0,,,,,1.83,,,0.0,,,,,,,media/834ec8d2-6aea-4c5a-b7df-76a8e446543c.jpg|media/71e5ee1b-8a8a-4a70-8e7e-fa2154e06097.jpg
14599842119,"26 may 2025, 12:40:59‚ÄØp.m.",Carrera por la ma√±ana,Carrera,Corriendo en c√°mara lenta üê¢üèÉ ,2154,3.22,,,false,,,activities/15579147803.fit.gz,,,2154.0,2104.0,3220.4,4.771,1.531,74.0,36.0,1148.2,1155.6,18.2,0.2,,,83.0,78.0,,,,,323.0,,,,,,,,,,,,,,0.0,,0.0,,1.0,3343.6,1748260864.0,3.0,20.3,20.8,18.6,0.9,1013.9,1.7,3.5,18.0,0.2,1748258176.0,1748303616.0,0.875,,,0.72,5.0,0.99,18871.0,0.0,,,,,0.0,1.495,1611.4,,,,5544.0,,,,,1.589,,,0.0,,,,,,,""
14610491155,"27 may 2025, 1:11:09‚ÄØp.m.",Nado por la ma√±ana,Nataci√≥n,"",2622,500,,,false,,,activities/15590598102.fit.gz,,,2622.0,2479.0,500.0,1.8,0.202,0.0,0.0,0.0,0.0,0.0,0.0,,,,38.0,,,,,90.0,,,,,,,,,,,,,,0.0,,0.0,,1.0,,,,,,,,,,,,,,,,,,,,,,,,,,,0.0,0.191,0.0,,,,,,25.0,,,,,,,,,,,,,media/04c1d745-3845-44f0-9478-fdede5d675c9.jpg
14632043229,"29 may 2025, 2:11:40‚ÄØp.m.",Carrera por la ma√±ana,Carrera,üê¢‚ú®,2413,3.74,,,false,,,activities/15613684978.fit.gz,,,2413.0,2335.0,3742.6,2.563,1.603,0.0,0.0,1018.0,1020.4,9.1,0.0,,,84.0,80.0,,,,,386.0,,,,,,,,,,,,,,0.0,,0.0,,1.0,3767.0,1748527232.0,2.0,23.5,25.4,20.1,0.81,1013.2,1.2,4.1,344.0,0.0,1748517376.0,1748562944.0,0.125,,,0.49,5.0,0.58,23832.0,3.0,,,,,0.0,1.551,0.0,,,,6398.0,,,,,1.613,,,0.0,,,,,,,""
14653122173,"31 may 2025, 2:30:00‚ÄØp.m.",Carrera por la ma√±ana,Carrera,Explorando nuevos trillos para correr üèÉüåø,3305,4.02,,,false,,,activities/15636347835.fit.gz,,,3305.0,2493.0,4025.4,4.04,1.615,101.0,109.0,1058.0,1128.0,38.6,-0.2,,,109.0,69.0,,,,,444.0,,,,,,,,,,,,,,0.0,,0.0,,1.0,4467.8,1748700032.0,3.0,22.3,23.1,18.6,0.8,1014.3,0.7,3.2,266.0,0.1,1748690176.0,1748735744.0,0.125,,,0.61,5.0,0.95,21693.0,3.0,,,,,0.0,1.218,675.2,,,,5464.0,,,,,1.792,,,0.0,,,,,,,media/7b9127ce-9d71-4e89-93e2-5b64752dae49.jpg|media/40e569c1-95a2-4948-9c5b-d878ab688680.jpg
14694162718,"4 jun 2025, 1:09:13‚ÄØp.m.",CaCo,Carrera,Gracias Bad Bunny por crear el himno para entrenar üê∞,2416,3.82,,,false,,,activities/15680495370.fit.gz,,,2416.0,2355.0,3825.7,7.0,1.625,49.0,44.0,1098.6,1106.0,16.9,0.1,,,121.0,69.0,,,,,329.0,,,,,,,,,4.0,,,,,0.0,26.0,0.0,,1.0,3977.7,1749042048.0,3.0,21.0,22.3,18.9,0.88,1012.1,0.9,2.0,8.0,0.1,1749035776.0,1749081472.0,0.375,,,0.83,5.0,0.8,28450.0,1.0,,,,,0.0,1.583,1873.4,,,,5458.0,,,,,1.689,,,0.0,,,,,,,media/684ef5c9-5329-4778-a417-b26e76dd6a04.jpg
14714230804,"6 jun 2025, 1:09:52‚ÄØp.m.",Nado por la ma√±ana,Nataci√≥n, üôåüí´üê∞,3040,"1,150",,,false,,,activities/15702073983.fit.gz,,,3040.0,3023.0,1150.0,2.78,0.38,0.0,0.0,0.0,0.0,0.0,0.0,,,,20.0,,,,,227.0,,,,,,,,,,,,,,0.0,,0.0,,1.0,,,,,,,,,,,,,,,,,,,,,,,,,,,0.0,0.378,0.0,,,,,,25.0,,,,,,0.0,,,,,,,media/6943d3cb-6690-4fe1-9199-674639e1f18c.jpg
14726346188,"7 jun 2025, 4:17:16‚ÄØp.m.",CaCo,Carrera,"Hoy me top√© un tolomuco, que me peg√≥ tremendo susto y no me di√≥ chance ni de tomarle foto ü´†üèÉüê¢ 

",4044,4.08,,,false,,,activities/15715152051.fit.gz,,,4044.0,2487.0,4084.9,3.932,1.643,191.0,166.0,1141.8,1308.2,38.1,0.6,,,124.0,57.0,,,,,483.0,,,,,,,,,,,,,,0.0,,0.0,,1.0,5030.3,1749312000.0,3.0,22.2,22.9,20.0,0.87,1012.6,1.4,5.0,249.0,0.4,1749294976.0,1749340672.0,0.375,,,0.71,5.0,0.99,27796.0,7.0,,,,,0.0,1.01,0.0,,,,5468.0,,,,,2.023,,,0.0,,,,,,,media/65040f55-438c-4d9f-9519-287e21915c3d.jpg
14829210171,"17 jun 2025, 3:40:01‚ÄØp.m.",CaCo,Carrera,"",2410,3.47,,,false,,,activities/15826433365.fit.gz,,,2410.0,2314.0,3476.5,2.733,1.502,49.0,53.0,1142.2,1150.2,17.9,-0.2,,,81.0,64.0,,,,,271.0,,,,,,,,,,,,,,0.0,,0.0,,1.0,3619.7,1750172416.0,3.0,22.0,22.7,18.6,0.81,1014.1,1.2,3.5,209.0,0.1,1750159104.0,1750204800.0,0.625,,,0.8,5.0,0.96,30346.0,5.0,,,,,0.0,1.443,1656.4,,,,5012.0,,,,,1.564,,,0.0,,,,,,,""
14861434519,"20 jun 2025, 3:30:46‚ÄØp.m.",Caco,Carrera,"",2300,3.53,,,false,,,activities/15861284704.fit.gz,,,2300.0,2298.0,3531.3,3.58,1.537,0.0,0.0,1021.0,1023.4,6.9,0.0,,,82.0,64.0,,,,,301.0,,,,,,,,,,,,,,0.0,,0.0,,1.0,3542.8,1750431616.0,3.0,24.5,25.3,20.0,0.76,1012.1,0.9,4.0,188.0,0.0,1750418304.0,1750464000.0,0.875,,,0.53,5.0,1.0,25468.0,5.0,,,,,0.0,1.535,0.0,,,,4814.0,,,,,1.542,,,0.0,,,,,,,""
14890304411,"23 jun 2025, 12:31:20‚ÄØp.m.",CaCo,Carrera,"",2409,3.81,,,false,,,activities/15892747027.fit.gz,,,2409.0,2281.0,3814.4,3.175,1.672,47.0,66.0,1099.2,1125.8,23.5,-0.4,,,116.0,68.0,,,,,319.0,,,,,,,,,,,,,,0.0,,0.0,,1.0,3901.6,,,,,,,,,,,,,,,,,,,,,,,,,,0.0,1.583,2097.4,,,,5334.0,,,,,1.71,,,0.0,,,,,,,""
14897047188,"1 jun 2025, 12:53:44‚ÄØp.m.",Senderismo por la ma√±ana,Senderismo,"",1959598,4.99,,,false,,,activities/14897047188.gpx,,,1959598.0,5104.0,4994.2,4.84,0.978,270.5,101.8,824.8,1069.1,36.2,3.3,,,,,,,,,,,,,,,,,,,,,,,0.0,,0.0,,1.0,,,,,,,,,,,,,,,,,,,,,,,,,,,0.0,0.003,4994.2,,,,,,,,,,,,,,,,,,,""
14922387970,"26 jun 2025, 12:58:49‚ÄØp.m.",Nado por la ma√±ana,Nataci√≥n,"",3420,"1,100",,,false,,,activities/15927445360.fit.gz,,,3420.0,3416.0,1100.0,2.64,0.322,0.0,0.0,0.0,0.0,0.0,0.0,,,,20.0,,,,,216.0,,,,,,,,,,,,,,0.0,,0.0,,1.0,,,,,,,,,,,,,,,,,,,,,,,,,,,0.0,0.322,0.0,,,,,,50.0,,,,,,,,,,,,,""
14954477626,"29 jun 2025, 2:24:28‚ÄØp.m.",CaCo,Carrera,M√°s caminata que corrida ü´†,5371,6.40,,,false,,,activities/15962646252.fit.gz,,,5371.0,4468.0,6404.0,3.5,1.433,222.0,224.0,1036.4,1181.8,35.0,0.0,,,122.0,57.0,,,,,733.0,,,,,,,,,,,,,,0.0,,0.0,,1.0,7209.5,,,,,,,,,,,,,,,,,,,,,,,,,,0.0,1.192,2854.8,,,,9520.0,,,,,1.614,,,0.0,,,,,,,media/d2197fae-d3df-439e-809b-43acec77b1d6.jpg|media/0a3ab7a8-bfaf-4c63-ac88-f3761ec846fb.jpg
14977884146,"1 jul 2025, 9:32:14‚ÄØp.m.",CaCo por la tarde,Carrera,"",2403,3.62,,,false,,,activities/15988367345.fit.gz,,,2403.0,2361.0,3625.7,2.72,1.536,25.0,0.0,1114.2,1117.2,7.1,0.0,,,116.0,67.0,,,,,239.0,,,,,,,,,,,,,,0.0,,0.0,,1.0,3641.4,,,,,,,,,,,,,,,,,,,,,,,,,,0.0,1.509,0.0,,,,5254.0,,,,,1.542,,,0.0,,,,,,,media/67137123-e188-4cd0-b2c5-f7fee62d3fec.jpg
14996594814,"3 jul 2025, 4:08:20‚ÄØp.m.",Easy run,Carrera,"",2764,4.40,,,false,,,activities/16008986723.fit.gz,,,2764.0,2756.0,4403.9,2.633,1.598,0.0,3.0,1017.6,1021.2,5.4,0.0,,,79.0,71.0,,,,,412.0,,,,,,,,,,,,,,0.0,,0.0,,1.0,4419.8,,,,,,,,,,,,,,,,,,,,,,,,,,0.0,1.593,0.0,,,,6560.0,,,,,1.604,,,0.0,,,,,,,""
15008208368,"4 jul 2025, 1:06:17‚ÄØp.m.",Nado por la ma√±ana,Nataci√≥n,"",3106,640,,,false,,,activities/16021809585.fit.gz,,,3106.0,3103.0,640.0,1.34,0.206,0.0,0.0,0.0,0.0,0.0,0.0,,,,20.0,,,,,114.0,,,,,,,,,,,,,,0.0,,0.0,,1.0,,,,,,,,,,,,,,,,,,,,,,,,,,,0.0,0.206,0.0,,,,,,20.0,,,,,,,,,,,,,""
15017101583,"5 jul 2025, 3:35:28‚ÄØp.m.",Caminata por la ma√±ana,Caminata,"",153,0.19,,,false,,,activities/16031671431.fit.gz,,,153.0,153.0,190.0,3.967,1.242,2.0,0.0,661.2,664.4,19.1,1.3,,,57.0,51.0,,,,,16.0,,,,,,,,,,,,,,0.0,,0.0,,1.0,,,,,,,,,,,,,,,,,,,,,,,,,,,0.0,1.242,0.0,,,,206.0,,,,,,,,0.0,,,,,,,""
15017101585,"5 jul 2025, 2:20:05‚ÄØp.m.",CaCo,Carrera,"",4112,5.05,,,false,,,activities/16031671384.fit.gz,,,4112.0,2679.0,5052.8,6.617,1.886,131.0,154.0,587.4,678.6,44.9,-0.5,,,105.0,55.0,,,,,416.0,,,,,,,,,,,,,,0.0,,0.0,,1.0,5630.1,,,,,,,,,,,,,,,,,,,,,,,,,,0.0,1.229,0.0,,,,4722.0,,,,,2.102,,,0.0,,,,,,,media/6eca1e75-a14d-46a1-a4fe-958f02416fc1.jpg
15057212579,"9 jul 2025, 1:00:32‚ÄØp.m.",1k Test,Carrera,"",433,1.03,,,false,,,activities/16075932627.fit.gz,,,433.0,433.0,1030.7,3.157,2.38,0.0,0.0,1113.8,1115.4,1.6,0.0,,,87.0,82.0,,,,,64.0,,,,,,,,,,,,,,0.0,,0.0,,1.0,1029.8,,,,,,,,,,,,,,,,,,,,,,,,,,0.0,2.38,0.0,,,,1164.0,,,,,2.378,,,0.0,,,,,,,""
15057212721,"9 jul 2025, 12:42:59‚ÄØp.m.",Carrera por la ma√±ana,Carrera,"",936,1.29,,,false,,,activities/16075932829.fit.gz,,,936.0,681.0,1294.8,2.65,1.901,0.0,0.0,1112.6,1114.2,6.2,-0.1,,,84.0,69.0,,,,,113.0,,,,,,,,,,,,,,0.0,,0.0,,1.0,1295.9,,,,,,,,,,,,,,,,,,,,,,,,,,0.0,1.383,0.0,,,,1662.0,,,,,1.903,,,0.0,,,,,,,""
15079936988,"11 jul 2025, 1:07:28‚ÄØp.m.",Nado por la ma√±ana,Nataci√≥n,"",2925,680,,,false,,,activities/16100613925.fit.gz,,,2925.0,2910.0,680.0,1.54,0.234,0.0,0.0,0.0,0.0,0.0,0.0,,,,19.0,,,,,116.0,,,,,,,,,,,,,,0.0,,0.0,,1.0,,,,,,,,,,,,,,,,,,,,,,,,,,,0.0,0.232,0.0,,,,,,20.0,,,,,,,,,,,,,""
15079942142,"11 jul 2025, 2:04:32‚ÄØp.m.",Nado por la ma√±ana,Nataci√≥n,Doble porque me pusieron a reponer üò™,2953,620,,,false,,,activities/16100619357.fit.gz,,,2953.0,2895.0,620.0,1.54,0.214,0.0,0.0,0.0,0.0,0.0,0.0,,,,25.0,,,,,115.0,,,,,,,,,,,,,,0.0,,0.0,,1.0,,,,,,,,,,,,,,,,,,,,,,,,,,,0.0,0.21,0.0,,,,,,20.0,,,,,,,,,,,,,""
15112610000,"14 jul 2025, 4:02:02‚ÄØp.m.",Run / Walk,Carrera,"",3013,4.85,,,false,,,activities/16136604106.fit.gz,,,3013.0,2972.0,4853.2,3.5,1.633,15.0,21.0,1142.2,1148.8,21.2,-0.1,,,83.0,67.0,,,,,375.0,,,,,,,,,,,,,,0.0,,0.0,,1.0,4906.3,,,,,,,,,,,,,,,,,,,,,,,,,,0.0,1.611,4853.2,,,,6750.0,,,,,1.651,,,0.0,,,,,,,""
15144928268,"17 jul 2025, 12:57:03‚ÄØp.m.",Easy Run con easy walks ü´†,Carrera,"",2707,4.33,,,false,,,activities/16171898730.fit.gz,,,2707.0,2528.0,4330.2,3.2,1.713,53.0,56.0,1045.8,1083.6,19.3,-0.1,,,86.0,68.0,,,,,336.0,,,,,,,,,,,,,,0.0,,0.0,,1.0,4473.5,,,,,,,,,,,,,,,,,,,,,,,,,,0.0,1.6,75.8,,,,5804.0,,,,,1.77,,,0.0,,,,,,,media/92bd35a5-25d8-49d4-a9a5-74090ad81288.jpg
15155401151,"18 jul 2025, 1:07:58‚ÄØp.m.",Nado por la ma√±ana,Nataci√≥n,"",3035,640,,,false,,,activities/16183378817.fit.gz,,,3035.0,3027.0,640.0,1.54,0.211,0.0,0.0,0.0,0.0,0.0,0.0,,,,21.0,,,,,119.0,,,,,,,,,,,,,,0.0,,0.0,,1.0,,,,,,,,,,,,,,,,,,,,,,,,,,,0.0,0.211,0.0,,,,,,20.0,,,,,,,,,,,,,""
15165164158,"19 jul 2025, 12:02:32‚ÄØp.m.",Run/Walküê¢,Carrera,Entreno con mi amigui üêï que despu√©s se aburri√≥ y se fue porque iba lento üê¢,2619,4.12,,,false,,,activities/16194124694.fit.gz,,,2619.0,2617.0,4119.1,3.4,1.574,117.0,121.0,1003.8,1124.2,16.9,-0.1,,,83.0,63.0,,,,,338.0,,,,,,,,,,,,,,0.0,,0.0,,1.0,4420.3,,,,,,,,,,,,,,,,,,,,,,,,,,0.0,1.573,4056.1,,,,5524.0,0.0,,,,1.689,,,0.0,,,,,,,media/a5571130-206b-46b5-9ba2-6f684639b453.jpg
15198991938,"22 jul 2025, 2:35:03‚ÄØp.m.",Run/walk,Carrera,"",2368,4.13,,,false,,,activities/16231185896.fit.gz,,,2368.0,2297.0,4131.7,2.943,1.799,23.0,13.0,1031.6,1036.0,17.9,-0.1,,,81.0,64.0,,,,,259.0,,,,,,,,,,,,,,0.0,,0.0,,1.0,4173.3,,,,,,,,,,,,,,,,,,,,,,,,,,,1.745,0.0,,,,5200.0,0.0,,,,1.817,,,0.0,,,,,,,""
15210395874,"23 jul 2025, 2:10:17‚ÄØp.m.",Caminata por la ma√±ana,Caminata,"",1389,1.70,,,false,,,activities/16243352799.fit.gz,,,1389.0,1389.0,1705.9,1.9,1.228,0.0,2.0,1093.4,1096.6,17.4,-0.1,,,57.0,50.0,,,,,77.0,,,,,,,,,,,,,,0.0,,0.0,,1.0,,,,,,,,,,,,,,,,,,,,,,,,,,,,1.228,0.0,,,,2482.0,0.0,,,,,,,0.0,,,,,,,""
15221054342,"24 jul 2025, 1:15:40‚ÄØp.m.",Carrera por la ma√±ana,Carrera,"",908,1.50,,,false,,,activities/16254730151.fit.gz,,,908.0,880.0,1503.5,2.811,1.709,11.0,13.0,1052.4,1061.8,11.8,-0.1,,,82.0,70.0,,,,,106.0,,,,,,,,,,,,,,0.0,,0.0,,1.0,1527.8,,,,,,,,,,,,,,,,,,,,,,,,,,,1.656,608.4,,,,2212.0,0.0,,,,1.736,,,0.0,,,,,,,""
15232023946,"25 jul 2025, 1:02:18‚ÄØp.m.",Nado por la ma√±ana,Nataci√≥n,"",3274,"1,150",,,false,,,activities/16266485475.fit.gz,,,3274.0,2909.0,1150.0,1.94,0.395,0.0,0.0,0.0,0.0,0.0,0.0,,,,21.0,,,,,219.0,,,,,,,,,,,,,,,,0.0,,1.0,,,,,,,,,,,,,,,,,,,,,,,,,,,,0.351,0.0,,,,,0.0,25.0,,,,,,,,,,,,,""
15256935733,"27 jul 2025, 3:00:33‚ÄØp.m.",Caminata por la ma√±ana,Caminata,"",4764,4.40,,,false,,,activities/16293027186.fit.gz,,,4764.0,4026.0,4406.8,5.533,1.095,72.0,89.0,1538.0,1598.6,40.0,-0.3,,,80.0,24.0,,,,,296.0,,,,,,,,,,,,,,0.0,,0.0,,1.0,,,,,,,,,,,,,,,,,,,,,,,,,,,,0.925,0.0,,,,5248.0,0.0,,,,,,,0.0,,,,,,,""
15286850279,"30 jul 2025, 1:37:42‚ÄØp.m.",CaCo,Carrera,"",1486,2.53,,,false,,,activities/16325135255.fit.gz,,,1486.0,1446.0,2537.6,3.06,1.755,12.0,35.0,1097.6,1122.2,10.6,-0.9,,,124.0,65.0,,,,,141.0,,,,,,,,,,,,,,0.0,,0.0,,1.0,2548.4,,,,,,,,,,,,,,,,,,,,,,,,,,,1.708,2130.7,,,,3270.0,0.0,,,,1.762,,,0.0,,,,,,,""
15299052815,"31 jul 2025, 3:31:04‚ÄØp.m.",Carrera por la ma√±ana,Carrera,"",1122,1.94,,,false,,,activities/16338132223.fit.gz,,,1122.0,1107.0,1943.6,2.664,1.756,0.0,5.0,1089.4,1091.4,18.2,0.0,,,82.0,75.0,,,,,146.0,,,,,,,,,,,,,,0.0,,0.0,,1.0,1948.3,,,,,,,,,,,,,,,,,,,,,,,,,,,1.732,0.0,,,,2720.0,0.0,,,,1.76,,,0.0,,,,,,,""
15352883141,"5 ago 2025, 12:44:26‚ÄØp.m.",Happy Hills,Carrera,Misi√≥n fallida üòî,1234,2.16,,,false,,,activities/16395823001.fit.gz,,,1234.0,1110.0,2167.4,3.84,1.953,26.0,26.0,1023.6,1043.4,10.3,0.0,,,89.0,72.0,,,,,133.0,,,,,,,,,,,,,,0.0,,0.0,,1.0,2213.3,,,,,,,,,,,,,,,,,,,,,,,,,,,1.756,0.0,,,,2840.0,0.0,,,,1.994,,,0.0,,,,,,,media/597c33bd-404d-4844-b9dc-2c093d505787.jpg
15379328232,"7 ago 2025, 4:11:28‚ÄØp.m.",Carrera por la ma√±ana,Carrera,"",1587,2.99,,,false,,,activities/16423974111.fit.gz,,,1587.0,1574.0,2998.7,4.26,1.905,14.0,16.0,1070.2,1077.2,11.8,0.0,,,86.0,78.0,,,,,183.0,,,,,,,,,,,,,,0.0,,0.0,,1.0,3046.5,,,,,,,,,,,,,,,,,,,,,,,,,,,1.89,307.1,,,,4120.0,0.0,,,,1.936,,,,,,,,,,""
15411634854,"10 ago 2025, 1:59:15‚ÄØp.m.",Recreativa Finca La Cayetana,Carrera,ü´†ü´†üê¢,2548,3.11,,,false,,,activities/16458505979.fit.gz,,,2548.0,2019.0,3109.9,3.7,1.54,103.0,100.0,1472.2,1520.2,35.3,0.1,,,125.0,62.0,,,,,189.0,,,,,,,,,,,,,,0.0,,0.0,,1.0,3727.9,,,,,,,,,,,,,,,,,,,,,,,,,,,1.221,0.0,,,,4976.0,0.0,,,,1.846,,,,,,,,,,media/32e242d1-6531-4127-8183-7352ee54f3f6.jpg
15696212990,"4 sept 2025, 12:59:21‚ÄØp.m.",Caminata por la ma√±ana ,Caminata,,337,0.54,,,false,,,activities/16766706732.fit.gz,,,337.0,337.0,540.4,2.567,1.604,0.0,0.0,1020.8,1022.0,2.0,-0.2,,,63.0,60.0,,,,,29.0,,,,,,,,,,,,,,,,0.0,,1.0,,,,,,,,,,,,,,,,,,,,,,,,,,,,1.604,0.0,,,,666.0,0.0,,,,,,,,,,,,,,""
15696213014,"4 sept 2025, 1:05:12‚ÄØp.m.",Carrera por la ma√±ana,Carrera,,310,0.59,,,false,,,activities/16766706826.fit.gz,,,310.0,303.0,590.0,2.389,1.947,0.0,0.0,1019.0,1020.0,1.8,0.1,,,82.0,80.0,,,,,35.0,,,,,,,,,,,,,,,,0.0,,1.0,591.2,,,,,,,,,,,,,,,,,,,,,,,,,,,1.903,0.0,,,,814.0,0.0,,,,1.951,,,,,,,,,,""
15696218622,"4 sept 2025, 1:11:32‚ÄØp.m.",Carrera por la ma√±ana,Carrera,,1344,2.19,,,false,,,activities/16766712618.fit.gz,,,1344.0,1339.0,2195.4,2.35,1.64,0.0,0.0,1018.6,1019.8,2.1,0.0,,,83.0,68.0,,,,,167.0,,,,,,,,,,,,,,,,0.0,,1.0,2196.4,,,,,,,,,,,,,,,,,,,,,,,,,,,1.633,0.0,,,,3030.0,0.0,,,,1.64,,,,,,,,,,""
15730704508,"7 sept 2025, 2:50:24‚ÄØp.m.",Carrera por la ma√±ana,Carrera,"",1943,3.00,,,false,,,activities/16803241578.fit.gz,,,1943.0,1866.0,2999.9,2.556,1.608,15.0,15.0,1071.8,1075.8,11.2,0.0,,,81.0,66.0,,,,,228.0,,,,,,,,,,,,,,,,0.0,,1.0,3028.1,,,,,,,,,,,,,,,,,,,,,,,,,,,1.544,802.3,,,,4264.0,0.0,,,,1.623,,,0.0,,,,,,,""
15833537018,"16 sept 2025, 4:56:19‚ÄØp.m.",CaCo,Carrera,"",1940,3.13,,,false,,,activities/16911416800.fit.gz,,,1940.0,1934.0,3129.8,2.367,1.618,20.0,20.0,1079.0,1083.0,11.1,0.0,,,81.0,65.0,,,,,239.0,,,,,,,,,,,,,,,,0.0,,1.0,3171.2,,,,,,,,,,,,,,,,,,,,,,,,,,,1.613,774.3,,,,4188.0,0.0,,,,1.64,,,0.0,,,,,,,""
15876775173,"20 sept 2025, 1:55:50‚ÄØp.m.",Caminata por la ma√±ana ,Caminata,,668,0.99,,,false,,,activities/16955767220.fit.gz,,,668.0,668.0,996.2,5.256,1.491,4.0,4.0,1072.4,1075.2,7.5,0.2,,,60.0,56.0,,,,,42.0,,,,,,,,,,,,,,,,0.0,,1.0,,,,,,,,,,,,,,,,,,,,,,,,,,,,1.491,263.0,,,,1244.0,0.0,,,,,,,,,,,,,,""
15877191571,"20 sept 2025, 2:07:17‚ÄØp.m.",CaCo,Carrera,üê¢üôÇ‚Äç‚ÜîÔ∏è‚ú®,1929,3.07,,,false,,,activities/16956196973.fit.gz,,,1929.0,1849.0,3074.2,2.422,1.663,4.0,2.0,1080.0,1084.4,9.2,0.0,,,83.0,68.0,,,,,215.0,,,,,,,,,,,,,,0.0,,0.0,,1.0,3100.0,,,,,,,,,,,,,,,,,,,,,,,,,,,1.594,749.4,,,,4280.0,0.0,,,,1.677,,,0.0,,,,,,,media/cc978596-1876-45d3-a45c-6c727ff38732.jpg
15953981097,"27 sept 2025, 2:27:35‚ÄØp.m.",Caminata por la ma√±ana ,Caminata,,174,0.19,,,false,,,activities/17034923284.fit.gz,,,174.0,174.0,198.7,1.5,1.142,0.0,19.0,-3.2,18.2,-3.3,-10.8,,,61.0,55.0,,,,,11.0,,,,,,,,,,,,,,,,0.0,,1.0,,,,,,,,,,,,,,,,,,,,,,,,,,,,1.142,0.0,,,,296.0,0.0,,,,,,,,,,,,,,""
15955647128,"27 sept 2025, 3:55:59‚ÄØp.m.",Remo matutino,Deporte acu√°tico,Cosas que me mantienen humilde ,2827,2.18,,,false,,,activities/17036620754.fit.gz,,,2827.0,2610.0,2185.3,1.7,0.837,24.6,21.5,-8.6,13.4,43.2,0.0,,,37.0,24.0,,,,,254.0,,,,,,,,,,,,,,,,0.0,,1.0,,,,,,,,,,,,,,,,,,,,,,,,,,,,0.773,0.0,,,,,0.0,,,,,,,0.0,,,,,,,media/c107d583-59be-4b03-bbfc-c9df10127195.jpg
16051171528,"6 oct 2025, 11:44:26‚ÄØa.m.",CaCo,Carrera,"Caco con olor a granja ü§Æü§¢
",1929,3.10,,,false,,,activities/17133645023.fit.gz,,,1929.0,1860.0,3100.4,4.317,1.667,41.0,39.0,1102.6,1109.8,20.6,0.0,,,120.0,68.0,,,,,200.0,,,,,,,,,,,,,,,,0.0,,1.0,3222.5,,,,,,,,,,,,,,,,,,,,,,,,,,,1.607,1024.6,,,,4338.0,0.0,,,,1.733,,,0.0,,,,,,,""
16051171705,"6 oct 2025, 11:31:12‚ÄØa.m.",Caminata por la ma√±ana ,Caminata,,764,1.15,,,false,,,activities/17133645309.fit.gz,,,764.0,764.0,1155.0,4.55,1.512,9.0,29.0,1102.4,1123.4,12.5,-1.8,,,63.0,60.0,,,,,60.0,,,,,,,,,,,,,,,,0.0,,1.0,,,,,,,,,,,,,,,,,,,,,,,,,,,,1.512,235.4,,,,1520.0,0.0,,,,,,,,,,,,,,""
16106081762,"11 oct 2025, 12:47:52‚ÄØp.m.",CaCo,Carrera,"",2542,3.96,,,false,,,activities/17189070076.fit.gz,,,2542.0,2452.0,3960.9,2.733,1.615,19.0,20.0,1093.0,1099.2,13.3,0.0,,,117.0,64.0,,,,,228.0,,,,,,,,,,,,,,,,0.0,,1.0,4025.7,,,,,,,,,,,,,,,,,,,,,,,,,,,1.558,833.5,,,,5314.0,0.0,,,,1.642,,,0.0,,,,,,,""
16232830716,"23 oct 2025, 2:18:56‚ÄØp.m.",CaCo,Carrera,"Todo bonito hasta que a una le gritan un ""piropo"". 

Que cansadoo üôÑ",2549,4.07,,,false,,,activities/17317036145.fit.gz,,,2549.0,2493.0,4069.8,3.62,1.632,60.0,64.0,1098.2,1125.6,19.2,-0.1,,,113.0,63.0,,,,,248.0,,,,,,,,,,,,,,0.0,,0.0,,1.0,4245.3,,,,,,,,,,,,,,,,,,,,,,,,,,,1.597,1768.7,,,,5296.0,0.0,,,,1.703,,,0.0,,,,,,,""
16258552032,"25 oct 2025, 10:46:17‚ÄØp.m.",Caminata por la tarde,Caminata,,1075,0.96,,,false,,,activities/17342998916.fit.gz,,,1075.0,865.0,966.8,4.563,1.118,2.0,0.0,1176.4,1180.6,10.6,0.1,,,110.0,54.0,,,,,61.0,,,,,,,,,,,,,,,,0.0,,1.0,,,,,,,,,,,,,,,,,,,,,,,,,,,,0.899,0.0,,,,1332.0,0.0,,,,,,,,,,,,,,""
16466483752,"15 nov 2025, 2:22:31‚ÄØp.m.",Nado por la ma√±ana,Nataci√≥n,Se calmaron mis alergias back a la piscina ,1993,600,,,false,,,activities/17552947722.fit.gz,,,1993.0,1969.0,600.0,1.94,0.305,0.0,0.0,0.0,0.0,0.0,0.0,,,,,,,,,115.0,,,,,,,,,,,,,,,,0.0,,1.0,,,,,,,,,,,,,,,,,,,,,,,,,,,,0.301,0.0,,,,,0.0,25.0,,,,,,0.0,,,,,,,""
16731853750,"7 dic 2025, 11:37:50‚ÄØp.m.",Nado por la tarde,Nataci√≥n,,2885,500,,,false,,,activities/17822035029.fit.gz,,,2885.0,2883.0,500.0,2.5,0.173,0.0,0.0,0.0,0.0,0.0,0.0,,,,,,,,,92.0,,,,,,,,,,,,,,,,0.0,,1.0,,,,,,,,,,,,,,,,,,,,,,,,,,,,0.173,0.0,,,,,0.0,25.0,,,,,,,,,,,,,""
17017413879,"11 ene 2026, 9:33:37‚ÄØp.m.",Caminata por la tarde,Caminata,"",2630,2.41,,,false,,,activities/18111387432.fit.gz,,,2630.0,2235.0,2409.5,5.78,1.078,92.0,77.0,1049.8,1137.0,49.7,0.7,,,110.0,52.0,,,,,238.0,,,,,,,,,,,,,,,,0.0,,1.0,,,,,,,,,,,,,,,,,,,,,,,,,,,,0.916,0.0,,,,3484.0,0.0,,,,,,,0.0,0.0,,,,,,media/79721d34-9dc3-4d61-a13b-b46f44c7a01c.jpg
17156230618,"15 ene 2026, 4:00:18‚ÄØp.m.",Nado por la ma√±ana,Nataci√≥n,"",3278,950,,,false,,,activities/18251330338.fit.gz,,,3278.0,3275.0,950.0,1.8,0.29,0.0,0.0,0.0,0.0,0.0,0.0,,,,,,,,,171.0,,,,,,,,,,,,,,0.0,,0.0,,1.0,,,,,,,,,,,,,,,,,,,,,,,,,,,,0.29,0.0,,,,,0.0,25.0,,,,,,0.0,0.0,,,,,,""
17227920133,"30 ene 2026, 1:16:46‚ÄØp.m.",Nado por la ma√±ana,Nataci√≥n,"",3242,550,,,false,,,activities/18323571319.fit.gz,,,3242.0,3191.0,550.0,1.48,0.172,0.0,0.0,0.0,0.0,0.0,0.0,,,,,,,,,93.0,,,,,,,,,,,,,,0.0,,0.0,,1.0,,,,,,,,,,,,,,,,,,,,,,,,,,,,0.17,0.0,,,,,0.0,25.0,,,,,,0.0,0.0,,,,0.0,,media/b42290cb-8458-4684-95ad-379ac386f7a9.mp4
17251300103,"1 feb 2026, 1:09:01‚ÄØp.m.",Caminata por la ma√±ana,Caminata,,362,0.38,,,false,,,activities/18347199810.fit.gz,,,362.0,300.0,382.6,3.4,1.275,12.0,15.0,1665.8,1681.8,45.5,-0.2,,,62.0,55.0,,,,,22.0,,,,,,,,,,,,,,,,0.0,,1.0,,,,,,,,,,,,,,,,,,,,,,,,,,,,1.057,0.0,,,,482.0,0.0,,,,,,,,,,,,,,""
17251300134,"1 feb 2026, 2:13:41‚ÄØp.m.",Caminata por la ma√±ana,Caminata,"",692,0.59,,,false,,,activities/18347199912.fit.gz,,,692.0,586.0,590.5,3.64,1.008,28.0,29.0,1641.4,1671.2,41.0,-0.4,,,59.0,50.0,,,,,51.0,,,,,,,,,,,,,,,,0.0,,1.0,,,,,,,,,,,,,,,,,,,,,,,,,,,,0.853,0.0,,,,792.0,0.0,,,,,,,0.0,0.0,,,,0.0,,""
17296355500,"5 feb 2026, 1:17:03‚ÄØp.m.",Nado por la ma√±ana,Nataci√≥n,"",3409,"1,250",,,false,,,activities/18392569056.fit.gz,,,3409.0,3378.0,1250.0,1.4,0.37,0.0,0.0,0.0,0.0,0.0,0.0,,,,,,,,,226.0,,,,,,,,,,,,,,,,0.0,,1.0,,,,,,,,,,,,,,,,,,,,,,,,,,,,0.367,0.0,,,,,0.0,25.0,,,,,,0.0,0.0,,,,0.0,,""
17440148983,"18 feb 2026, 1:13:28‚ÄØp.m.",Nado por la ma√±ana,Nataci√≥n,"",3054,"1,100",,,false,,,activities/18537262176.fit.gz,,,3054.0,3044.0,1100.0,1.94,0.361,0.0,0.0,0.0,0.0,0.0,0.0,,,,,,,,,210.0,,,,,,,,,,,,,,,,0.0,,1.0,,,,,,,,,,,,,,,,,,,,,,,,,,,,0.36,0.0,,,,,0.0,25.0,,,,,,0.0,0.0,,,,0.0,,""
